,PurchaseMonthName,PurchaseMonth,ProductName,PurchaseCountPerMonth,PurchaseQuantityPerMonth
0,January,1,ProductName1,4,1015
1,February,2,ProductName1,1,272
2,March,3,ProductName1,3,2031
3,April,4,ProductName1,1,928
4,May,5,ProductName1,3,1684
5,June,6,ProductName1,2,714
6,February,2,ProductName10,2,623
7,March,3,ProductName10,2,318
8,April,4,ProductName10,1,393
9,June,6,ProductName10,2,1307
10,January,1,ProductName100,1,184
11,February,2,ProductName100,3,1976
12,April,4,ProductName100,1,343
13,May,5,ProductName100,1,716
14,June,6,ProductName100,1,354
15,January,1,ProductName11,1,329
16,February,2,ProductName11,1,283
17,April,4,ProductName11,1,8
18,May,5,ProductName11,2,1154
19,February,2,ProductName12,4,1370
20,March,3,ProductName12,1,196
21,April,4,ProductName12,2,1281
22,May,5,ProductName12,4,3075
23,June,6,ProductName12,2,1079
24,January,1,ProductName13,3,976
25,February,2,ProductName13,1,60
26,March,3,ProductName13,1,405
27,April,4,ProductName13,2,960
28,May,5,ProductName13,1,101
29,June,6,ProductName13,3,2145
30,January,1,ProductName14,2,572
31,February,2,ProductName14,3,307
32,March,3,ProductName14,4,1566
33,April,4,ProductName14,1,506
34,June,6,ProductName14,2,1108
35,January,1,ProductName15,2,1304
36,February,2,ProductName15,3,2280
37,March,3,ProductName15,1,564
38,April,4,ProductName15,1,271
39,January,1,ProductName16,1,654
40,February,2,ProductName16,3,2024
41,March,3,ProductName16,2,388
42,April,4,ProductName16,1,389
43,January,1,ProductName17,3,1335
44,March,3,ProductName17,2,1021
45,April,4,ProductName17,2,1468
46,May,5,ProductName17,2,759
47,June,6,ProductName17,1,781
48,January,1,ProductName18,3,1750
49,February,2,ProductName18,2,1863
50,March,3,ProductName18,2,618
51,June,6,ProductName18,5,2833
52,January,1,ProductName19,2,434
53,February,2,ProductName19,2,902
54,March,3,ProductName19,1,842
55,April,4,ProductName19,1,712
56,May,5,ProductName19,2,763
57,June,6,ProductName19,2,1214
58,February,2,ProductName2,1,838
59,March,3,ProductName2,4,1723
60,April,4,ProductName2,2,134
61,June,6,ProductName2,3,1254
62,January,1,ProductName20,1,288
63,March,3,ProductName20,1,57
64,May,5,ProductName20,2,1034
65,June,6,ProductName20,1,981
66,January,1,ProductName21,2,1230
67,February,2,ProductName21,2,538
68,March,3,ProductName21,1,375
69,April,4,ProductName21,1,259
70,January,1,ProductName22,1,349
71,March,3,ProductName22,2,1696
72,February,2,ProductName23,1,847
73,April,4,ProductName23,1,596
74,May,5,ProductName23,2,440
75,June,6,ProductName23,4,1727
76,January,1,ProductName24,2,1295
77,March,3,ProductName24,1,564
78,May,5,ProductName24,5,2332
79,February,2,ProductName25,2,1123
80,March,3,ProductName25,4,946
81,April,4,ProductName25,2,1222
82,May,5,ProductName25,2,498
83,June,6,ProductName25,2,1395
84,January,1,ProductName26,2,1602
85,March,3,ProductName26,3,1835
86,April,4,ProductName26,1,732
87,May,5,ProductName26,2,1411
88,June,6,ProductName26,1,553
89,January,1,ProductName27,3,2472
90,March,3,ProductName27,2,377
91,April,4,ProductName27,5,559
92,May,5,ProductName27,4,1204
93,June,6,ProductName27,3,1167
94,January,1,ProductName28,5,3649
95,April,4,ProductName28,1,189
96,May,5,ProductName28,2,367
97,January,1,ProductName29,1,265
98,February,2,ProductName29,3,1531
99,April,4,ProductName29,1,626
100,May,5,ProductName29,2,1563
101,June,6,ProductName29,2,1167
102,January,1,ProductName3,1,564
103,March,3,ProductName3,2,769
104,April,4,ProductName3,2,936
105,June,6,ProductName3,1,567
106,January,1,ProductName30,1,765
107,February,2,ProductName30,3,2096
108,May,5,ProductName30,3,641
109,June,6,ProductName30,1,389
110,February,2,ProductName31,1,972
111,April,4,ProductName31,1,772
112,May,5,ProductName31,2,1676
113,June,6,ProductName31,3,2058
114,January,1,ProductName32,1,771
115,February,2,ProductName32,4,650
116,March,3,ProductName32,4,1961
117,April,4,ProductName32,1,515
118,May,5,ProductName32,2,804
119,June,6,ProductName32,1,941
120,January,1,ProductName33,1,293
121,February,2,ProductName33,5,1961
122,March,3,ProductName33,3,1824
123,April,4,ProductName33,2,1218
124,May,5,ProductName33,1,520
125,June,6,ProductName33,3,1547
126,February,2,ProductName34,1,909
127,March,3,ProductName34,1,487
128,April,4,ProductName34,1,494
129,May,5,ProductName34,1,951
130,January,1,ProductName35,2,1099
131,February,2,ProductName35,3,771
132,March,3,ProductName35,3,1601
133,April,4,ProductName35,1,60
134,May,5,ProductName35,3,1813
135,June,6,ProductName35,1,566
136,January,1,ProductName36,3,1926
137,February,2,ProductName36,2,955
138,April,4,ProductName36,1,754
139,June,6,ProductName36,2,1481
140,January,1,ProductName37,3,1347
141,February,2,ProductName37,2,599
142,March,3,ProductName37,1,274
143,April,4,ProductName37,3,1169
144,May,5,ProductName37,1,195
145,June,6,ProductName37,2,508
146,January,1,ProductName38,3,817
147,March,3,ProductName38,2,297
148,April,4,ProductName38,1,314
149,May,5,ProductName38,2,199
150,June,6,ProductName38,1,155
151,February,2,ProductName39,1,350
152,March,3,ProductName39,1,192
153,May,5,ProductName39,1,282
154,June,6,ProductName39,2,1069
155,February,2,ProductName4,2,1502
156,March,3,ProductName4,2,1464
157,May,5,ProductName4,1,671
158,June,6,ProductName4,1,786
159,January,1,ProductName40,2,930
160,February,2,ProductName40,2,226
161,March,3,ProductName40,1,10
162,April,4,ProductName40,2,730
163,February,2,ProductName41,2,1366
164,March,3,ProductName41,1,105
165,April,4,ProductName41,2,720
166,May,5,ProductName41,1,825
167,June,6,ProductName41,3,1351
168,February,2,ProductName42,1,324
169,March,3,ProductName42,2,1101
170,April,4,ProductName42,2,347
171,May,5,ProductName42,3,971
172,June,6,ProductName42,1,217
173,January,1,ProductName43,2,768
174,February,2,ProductName43,1,60
175,March,3,ProductName43,2,1250
176,April,4,ProductName43,2,752
177,May,5,ProductName43,3,1114
178,June,6,ProductName43,4,3110
179,January,1,ProductName44,2,560
180,February,2,ProductName44,1,51
181,April,4,ProductName44,1,837
182,May,5,ProductName44,4,1938
183,January,1,ProductName45,1,88
184,February,2,ProductName45,4,1456
185,March,3,ProductName45,1,559
186,April,4,ProductName45,2,904
187,June,6,ProductName45,3,1388
188,January,1,ProductName46,3,2391
189,February,2,ProductName46,2,886
190,March,3,ProductName46,1,265
191,April,4,ProductName46,1,804
192,May,5,ProductName46,1,448
193,January,1,ProductName47,3,879
194,February,2,ProductName47,1,52
195,March,3,ProductName47,2,951
196,May,5,ProductName47,1,469
197,June,6,ProductName47,1,384
198,January,1,ProductName48,1,785
199,February,2,ProductName48,3,1166
200,March,3,ProductName48,1,866
201,May,5,ProductName48,1,330
202,January,1,ProductName49,1,761
203,February,2,ProductName49,2,833
204,March,3,ProductName49,1,783
205,June,6,ProductName49,1,582
206,January,1,ProductName5,2,1695
207,February,2,ProductName5,2,1672
208,March,3,ProductName5,2,1514
209,April,4,ProductName5,3,1877
210,May,5,ProductName5,2,519
211,June,6,ProductName5,4,1966
212,January,1,ProductName50,4,1582
213,February,2,ProductName50,1,739
214,March,3,ProductName50,1,847
215,May,5,ProductName50,5,1376
216,June,6,ProductName50,1,891
217,March,3,ProductName51,1,159
218,June,6,ProductName51,4,2066
219,January,1,ProductName52,1,896
220,February,2,ProductName52,2,1382
221,March,3,ProductName52,4,1788
222,May,5,ProductName52,3,1771
223,June,6,ProductName52,1,924
224,January,1,ProductName53,1,578
225,February,2,ProductName53,2,667
226,March,3,ProductName53,4,1845
227,April,4,ProductName53,1,830
228,May,5,ProductName53,6,3088
229,June,6,ProductName53,1,735
230,January,1,ProductName54,1,41
231,February,2,ProductName54,1,193
232,March,3,ProductName54,1,239
233,April,4,ProductName54,1,18
234,May,5,ProductName54,3,1841
235,January,1,ProductName55,3,1375
236,February,2,ProductName55,1,404
237,March,3,ProductName55,2,1524
238,April,4,ProductName55,3,1552
239,May,5,ProductName55,1,364
240,June,6,ProductName55,3,2457
241,February,2,ProductName56,1,623
242,March,3,ProductName56,3,1216
243,April,4,ProductName56,3,1814
244,January,1,ProductName57,5,2609
245,February,2,ProductName57,2,588
246,March,3,ProductName57,1,36
247,April,4,ProductName57,1,814
248,May,5,ProductName57,5,3868
249,June,6,ProductName57,3,1692
250,January,1,ProductName58,3,1961
251,February,2,ProductName58,3,1243
252,April,4,ProductName58,2,370
253,June,6,ProductName58,5,1944
254,February,2,ProductName59,3,1255
255,March,3,ProductName59,2,971
256,April,4,ProductName59,1,112
257,June,6,ProductName59,2,717
258,January,1,ProductName6,3,1476
259,February,2,ProductName6,3,2548
260,March,3,ProductName6,2,1666
261,May,5,ProductName6,2,605
262,June,6,ProductName6,1,977
263,January,1,ProductName60,1,91
264,February,2,ProductName60,1,695
265,March,3,ProductName60,2,1621
266,April,4,ProductName60,1,991
267,May,5,ProductName60,2,872
268,June,6,ProductName60,2,1192
269,January,1,ProductName61,1,192
270,February,2,ProductName61,4,1834
271,March,3,ProductName61,2,258
272,May,5,ProductName61,3,757
273,June,6,ProductName61,1,770
274,January,1,ProductName62,4,2195
275,February,2,ProductName62,4,2801
276,March,3,ProductName62,1,9
277,April,4,ProductName62,1,866
278,May,5,ProductName62,1,865
279,June,6,ProductName62,2,1703
280,January,1,ProductName63,1,341
281,February,2,ProductName63,2,521
282,March,3,ProductName63,1,388
283,April,4,ProductName63,2,1190
284,June,6,ProductName63,4,2350
285,January,1,ProductName64,1,233
286,February,2,ProductName64,1,905
287,March,3,ProductName64,3,1073
288,April,4,ProductName64,1,404
289,January,1,ProductName65,3,1962
290,February,2,ProductName65,1,260
291,March,3,ProductName65,3,1765
292,April,4,ProductName65,2,1021
293,May,5,ProductName65,1,86
294,June,6,ProductName65,4,1767
295,January,1,ProductName66,3,941
296,February,2,ProductName66,1,992
297,April,4,ProductName66,5,2467
298,May,5,ProductName66,2,886
299,January,1,ProductName67,3,2696
300,March,3,ProductName67,3,1502
301,June,6,ProductName67,4,1479
302,January,1,ProductName68,1,86
303,February,2,ProductName68,4,1860
304,March,3,ProductName68,5,2556
305,April,4,ProductName68,4,2143
306,May,5,ProductName68,2,1149
307,June,6,ProductName68,3,1520
308,January,1,ProductName69,1,600
309,April,4,ProductName69,4,2845
310,May,5,ProductName69,1,414
311,January,1,ProductName7,2,1230
312,February,2,ProductName7,4,2104
313,March,3,ProductName7,3,1821
314,April,4,ProductName7,1,542
315,May,5,ProductName7,3,1057
316,January,1,ProductName70,1,518
317,February,2,ProductName70,1,744
318,March,3,ProductName70,1,855
319,April,4,ProductName70,2,618
320,January,1,ProductName71,1,219
321,April,4,ProductName71,1,973
322,January,1,ProductName72,1,343
323,February,2,ProductName72,2,1430
324,March,3,ProductName72,1,436
325,April,4,ProductName72,2,1171
326,May,5,ProductName72,3,1431
327,June,6,ProductName72,1,40
328,January,1,ProductName73,1,513
329,March,3,ProductName73,4,1641
330,April,4,ProductName73,1,71
331,June,6,ProductName73,1,231
332,February,2,ProductName74,3,588
333,March,3,ProductName74,1,85
334,May,5,ProductName74,2,960
335,June,6,ProductName74,1,341
336,January,1,ProductName75,2,1223
337,March,3,ProductName75,3,1761
338,May,5,ProductName75,3,762
339,January,1,ProductName76,1,573
340,April,4,ProductName76,1,342
341,May,5,ProductName76,2,1012
342,June,6,ProductName76,2,470
343,January,1,ProductName77,3,1794
344,February,2,ProductName77,4,2683
345,March,3,ProductName77,4,1746
346,April,4,ProductName77,3,1529
347,May,5,ProductName77,1,99
348,June,6,ProductName77,2,136
349,January,1,ProductName78,3,2763
350,February,2,ProductName78,3,1188
351,April,4,ProductName78,1,846
352,May,5,ProductName78,1,779
353,January,1,ProductName79,4,3683
354,March,3,ProductName79,4,2518
355,April,4,ProductName79,4,1621
356,May,5,ProductName79,3,1580
357,June,6,ProductName79,1,815
358,January,1,ProductName8,2,924
359,April,4,ProductName8,2,1114
360,May,5,ProductName8,3,2759
361,June,6,ProductName8,2,1109
362,January,1,ProductName80,5,2211
363,February,2,ProductName80,2,970
364,March,3,ProductName80,1,321
365,April,4,ProductName80,2,1876
366,May,5,ProductName80,1,269
367,January,1,ProductName81,1,510
368,February,2,ProductName81,2,716
369,March,3,ProductName81,5,1979
370,April,4,ProductName81,5,1593
371,May,5,ProductName81,2,1050
372,June,6,ProductName81,5,2639
373,January,1,ProductName82,2,401
374,February,2,ProductName82,1,590
375,March,3,ProductName82,3,2175
376,April,4,ProductName82,3,2279
377,May,5,ProductName82,3,2278
378,June,6,ProductName82,4,2264
379,January,1,ProductName83,1,561
380,February,2,ProductName83,1,399
381,March,3,ProductName83,2,1448
382,April,4,ProductName83,1,32
383,May,5,ProductName83,4,1646
384,June,6,ProductName83,2,812
385,January,1,ProductName84,3,1639
386,February,2,ProductName84,1,533
387,March,3,ProductName84,1,636
388,April,4,ProductName84,1,181
389,May,5,ProductName84,1,647
390,June,6,ProductName84,5,2804
391,January,1,ProductName85,1,536
392,February,2,ProductName85,2,946
393,March,3,ProductName85,1,14
394,April,4,ProductName85,2,1437
395,May,5,ProductName85,1,129
396,January,1,ProductName86,1,506
397,February,2,ProductName86,1,135
398,March,3,ProductName86,1,98
399,April,4,ProductName86,2,791
400,May,5,ProductName86,2,1138
401,June,6,ProductName86,2,1215
402,January,1,ProductName87,2,788
403,February,2,ProductName87,1,928
404,March,3,ProductName87,3,823
405,May,5,ProductName87,2,1856
406,June,6,ProductName87,1,136
407,January,1,ProductName88,2,1753
408,February,2,ProductName88,3,1007
409,March,3,ProductName88,4,1108
410,April,4,ProductName88,1,815
411,May,5,ProductName88,3,1142
412,March,3,ProductName89,2,460
413,April,4,ProductName89,1,410
414,May,5,ProductName89,1,432
415,June,6,ProductName89,1,962
416,January,1,ProductName9,1,244
417,February,2,ProductName9,1,787
418,March,3,ProductName9,2,866
419,April,4,ProductName9,2,1300
420,May,5,ProductName9,1,862
421,June,6,ProductName9,2,1327
422,January,1,ProductName90,3,805
423,February,2,ProductName90,3,2296
424,March,3,ProductName90,5,2780
425,May,5,ProductName90,2,1062
426,June,6,ProductName90,1,571
427,January,1,ProductName91,6,3600
428,February,2,ProductName91,4,2790
429,March,3,ProductName91,2,471
430,April,4,ProductName91,2,289
431,May,5,ProductName91,4,1270
432,June,6,ProductName91,1,739
433,January,1,ProductName92,2,1536
434,February,2,ProductName92,1,880
435,March,3,ProductName92,4,2075
436,April,4,ProductName92,2,1047
437,May,5,ProductName92,4,2660
438,February,2,ProductName93,3,2101
439,March,3,ProductName93,1,762
440,April,4,ProductName93,7,2102
441,May,5,ProductName93,1,990
442,January,1,ProductName94,1,518
443,February,2,ProductName94,1,963
444,March,3,ProductName94,1,597
445,April,4,ProductName94,4,1612
446,May,5,ProductName94,1,239
447,June,6,ProductName94,2,1128
448,March,3,ProductName95,3,1030
449,April,4,ProductName95,1,495
450,May,5,ProductName95,2,501
451,June,6,ProductName95,5,2109
452,January,1,ProductName96,1,507
453,February,2,ProductName96,5,3165
454,March,3,ProductName96,2,1078
455,June,6,ProductName96,4,2002
456,February,2,ProductName97,1,710
457,March,3,ProductName97,1,681
458,April,4,ProductName97,2,1554
459,May,5,ProductName97,2,1806
460,June,6,ProductName97,1,174
461,January,1,ProductName98,2,531
462,February,2,ProductName98,2,1697
463,March,3,ProductName98,3,1691
464,April,4,ProductName98,2,799
465,January,1,ProductName99,1,538
466,February,2,ProductName99,2,577
467,March,3,ProductName99,6,3233
468,April,4,ProductName99,2,544
469,May,5,ProductName99,3,249
470,June,6,ProductName99,5,3414
