,ProductName,AverageCustomerAge
0,ProductName1,60
1,ProductName10,53
2,ProductName100,74
3,ProductName11,76
4,ProductName12,66
5,ProductName13,70
6,ProductName14,61
7,ProductName15,55
8,ProductName16,58
9,ProductName17,70
10,ProductName18,65
11,ProductName19,55
12,ProductName2,64
13,ProductName20,70
14,ProductName21,76
15,ProductName22,69
16,ProductName23,64
17,ProductName24,49
18,ProductName25,68
19,ProductName26,59
20,ProductName27,67
21,ProductName28,68
22,ProductName29,56
23,ProductName3,57
24,ProductName30,59
25,ProductName31,55
26,ProductName32,54
27,ProductName33,52
28,ProductName34,40
29,ProductName35,59
30,ProductName36,51
31,ProductName37,55
32,ProductName38,51
33,ProductName39,67
34,ProductName4,72
35,ProductName40,55
36,ProductName41,60
37,ProductName42,49
38,ProductName43,65
39,ProductName44,50
40,ProductName45,69
41,ProductName46,50
42,ProductName47,69
43,ProductName48,40
44,ProductName49,75
45,ProductName5,58
46,ProductName50,69
47,ProductName51,60
48,ProductName52,61
49,ProductName53,67
50,ProductName54,68
51,ProductName55,63
52,ProductName56,52
53,ProductName57,60
54,ProductName58,63
55,ProductName59,70
56,ProductName6,47
57,ProductName60,64
58,ProductName61,64
59,ProductName62,53
60,ProductName63,60
61,ProductName64,61
62,ProductName65,59
63,ProductName66,54
64,ProductName67,60
65,ProductName68,69
66,ProductName69,51
67,ProductName7,62
68,ProductName70,39
69,ProductName71,67
70,ProductName72,60
71,ProductName73,55
72,ProductName74,67
73,ProductName75,57
74,ProductName76,37
75,ProductName77,73
76,ProductName78,61
77,ProductName79,62
78,ProductName8,59
79,ProductName80,62
80,ProductName81,63
81,ProductName82,45
82,ProductName83,61
83,ProductName84,73
84,ProductName85,61
85,ProductName86,52
86,ProductName87,55
87,ProductName88,69
88,ProductName89,74
89,ProductName9,65
90,ProductName90,58
91,ProductName91,60
92,ProductName92,52
93,ProductName93,53
94,ProductName94,76
95,ProductName95,59
96,ProductName96,71
97,ProductName97,38
98,ProductName98,63
99,ProductName99,60
