,month,ProductName,QuantityPerMonth,SMA
0,1,ProductName1,1015,1015
1,1,ProductName100,184,599
2,1,ProductName11,329,256
3,1,ProductName13,976,652
4,1,ProductName14,572,774
5,1,ProductName15,1304,938
6,1,ProductName16,654,979
7,1,ProductName17,1335,994
8,1,ProductName18,1750,1542
9,1,ProductName19,434,1092
10,1,ProductName20,288,361
11,1,ProductName21,1230,759
12,1,ProductName22,349,789
13,1,ProductName24,1295,822
14,1,ProductName26,1602,1448
15,1,ProductName27,2472,2037
16,1,ProductName29,265,1368
17,1,ProductName3,564,414
18,1,ProductName30,765,664
19,1,ProductName32,771,768
20,1,ProductName33,293,532
21,1,ProductName35,1099,696
22,1,ProductName36,1926,1512
23,1,ProductName37,1347,1636
24,1,ProductName38,817,1082
25,1,ProductName40,930,873
26,1,ProductName43,768,849
27,1,ProductName44,560,664
28,1,ProductName45,88,324
29,1,ProductName46,2391,1239
30,1,ProductName47,879,1635
31,1,ProductName48,785,832
32,1,ProductName49,761,773
33,1,ProductName5,1695,1228
34,1,ProductName50,1582,1638
35,1,ProductName28,3649,2615
36,1,ProductName52,896,2272
37,1,ProductName53,578,737
38,1,ProductName54,41,309
39,1,ProductName55,1375,708
40,1,ProductName57,2609,1992
41,1,ProductName58,1961,2285
42,1,ProductName6,1476,1718
43,1,ProductName60,91,783
44,1,ProductName61,192,141
45,1,ProductName62,2195,1193
46,1,ProductName63,341,1268
47,1,ProductName64,233,287
48,1,ProductName65,1962,1097
49,1,ProductName66,941,1451
50,1,ProductName67,2696,1818
51,1,ProductName68,86,1391
52,1,ProductName7,1230,658
53,1,ProductName70,518,874
54,1,ProductName69,600,559
55,1,ProductName71,219,409
56,1,ProductName72,343,281
57,1,ProductName73,513,428
58,1,ProductName76,573,543
59,1,ProductName77,1794,1183
60,1,ProductName78,2763,2278
61,1,ProductName79,3683,3223
62,1,ProductName8,924,2303
63,1,ProductName80,2211,1567
64,1,ProductName81,510,1360
65,1,ProductName82,401,455
66,1,ProductName83,561,481
67,1,ProductName84,1639,1100
68,1,ProductName85,536,1087
69,1,ProductName86,506,521
70,1,ProductName87,788,647
71,1,ProductName88,1753,1270
72,1,ProductName9,244,998
73,1,ProductName90,805,524
74,1,ProductName91,3600,2202
75,1,ProductName92,1536,2568
76,1,ProductName94,518,1027
77,1,ProductName96,507,512
78,1,ProductName98,531,519
79,1,ProductName99,538,534
80,1,ProductName75,1223,880
81,2,ProductName99,577,900
82,2,ProductName98,1697,1137
83,2,ProductName97,710,1203
84,2,ProductName96,3165,1937
85,2,ProductName94,963,2064
86,2,ProductName93,2101,1532
87,2,ProductName92,880,1490
88,2,ProductName91,2790,1835
89,2,ProductName90,2296,2543
90,2,ProductName9,787,1541
91,2,ProductName88,1007,897
92,2,ProductName87,928,967
93,2,ProductName86,135,531
94,2,ProductName85,946,540
95,2,ProductName84,533,739
96,2,ProductName83,399,466
97,2,ProductName82,590,494
98,2,ProductName81,716,653
99,2,ProductName80,970,843
100,2,ProductName78,1188,1079
101,2,ProductName77,2683,1935
102,2,ProductName74,588,1635
103,2,ProductName72,1430,1009
104,2,ProductName70,744,1087
105,2,ProductName7,2104,1424
106,2,ProductName68,1860,1982
107,2,ProductName56,623,1241
108,2,ProductName66,992,807
109,2,ProductName65,260,626
110,2,ProductName64,905,582
111,2,ProductName63,521,713
112,2,ProductName62,2801,1661
113,2,ProductName61,1834,2317
114,2,ProductName60,695,1264
115,2,ProductName6,2548,1621
116,2,ProductName59,1255,1901
117,2,ProductName58,1243,1249
118,2,ProductName57,588,915
119,2,ProductName55,404,496
120,2,ProductName54,193,298
121,2,ProductName53,667,430
122,2,ProductName52,1382,1024
123,2,ProductName50,739,1060
124,2,ProductName5,1672,1205
125,2,ProductName49,833,1252
126,2,ProductName48,1166,999
127,2,ProductName47,52,609
128,2,ProductName46,886,469
129,2,ProductName45,1456,1171
130,2,ProductName44,51,753
131,2,ProductName43,60,55
132,2,ProductName40,226,143
133,2,ProductName4,1502,864
134,2,ProductName41,1366,1434
135,2,ProductName42,324,845
136,2,ProductName39,350,337
137,2,ProductName37,599,474
138,2,ProductName36,955,777
139,2,ProductName35,771,863
140,2,ProductName34,909,840
141,2,ProductName33,1961,1435
142,2,ProductName32,650,1305
143,2,ProductName30,2096,1373
144,2,ProductName31,972,1534
145,2,ProductName29,1531,1251
146,2,ProductName25,1123,1327
147,2,ProductName21,538,830
148,2,ProductName23,847,692
149,2,ProductName2,838,842
150,2,ProductName19,902,870
151,2,ProductName18,1863,1382
152,2,ProductName16,2024,1943
153,2,ProductName15,2280,2152
154,2,ProductName14,307,1293
155,2,ProductName13,60,183
156,2,ProductName12,1370,715
157,2,ProductName11,283,826
158,2,ProductName100,1976,1129
159,2,ProductName1,272,1124
160,2,ProductName10,623,447
161,3,ProductName10,318,470
162,3,ProductName1,2031,1174
163,3,ProductName12,196,1113
164,3,ProductName13,405,300
165,3,ProductName14,1566,985
166,3,ProductName15,564,1065
167,3,ProductName16,388,476
168,3,ProductName17,1021,704
169,3,ProductName18,618,819
170,3,ProductName19,842,730
171,3,ProductName2,1723,1282
172,3,ProductName20,57,890
173,3,ProductName21,375,216
174,3,ProductName25,946,660
175,3,ProductName24,564,755
176,3,ProductName22,1696,1130
177,3,ProductName27,377,1036
178,3,ProductName26,1835,1106
179,3,ProductName3,769,1302
180,3,ProductName32,1961,1365
181,3,ProductName33,1824,1892
182,3,ProductName34,487,1155
183,3,ProductName35,1601,1044
184,3,ProductName37,274,937
185,3,ProductName39,192,233
186,3,ProductName38,297,244
187,3,ProductName42,1101,699
188,3,ProductName41,105,603
189,3,ProductName4,1464,784
190,3,ProductName40,10,737
191,3,ProductName43,1250,630
192,3,ProductName45,559,904
193,3,ProductName46,265,412
194,3,ProductName47,951,608
195,3,ProductName48,866,908
196,3,ProductName49,783,824
197,3,ProductName5,1514,1148
198,3,ProductName50,847,1180
199,3,ProductName51,159,503
200,3,ProductName52,1788,973
201,3,ProductName53,1845,1816
202,3,ProductName54,239,1042
203,3,ProductName55,1524,881
204,3,ProductName57,36,780
205,3,ProductName59,971,503
206,3,ProductName6,1666,1318
207,3,ProductName60,1621,1643
208,3,ProductName61,258,939
209,3,ProductName62,9,133
210,3,ProductName63,388,198
211,3,ProductName64,1073,730
212,3,ProductName65,1765,1419
213,3,ProductName56,1216,1490
214,3,ProductName67,1502,1359
215,3,ProductName68,2556,2029
216,3,ProductName7,1821,2188
217,3,ProductName70,855,1338
218,3,ProductName72,436,645
219,3,ProductName73,1641,1038
220,3,ProductName74,85,863
221,3,ProductName77,1746,915
222,3,ProductName80,321,1033
223,3,ProductName81,1979,1150
224,3,ProductName79,2518,2248
225,3,ProductName82,2175,2346
226,3,ProductName83,1448,1811
227,3,ProductName84,636,1042
228,3,ProductName85,14,325
229,3,ProductName86,98,56
230,3,ProductName87,823,460
231,3,ProductName88,1108,965
232,3,ProductName89,460,784
233,3,ProductName9,866,663
234,3,ProductName90,2780,1823
235,3,ProductName91,471,1625
236,3,ProductName92,2075,1273
237,3,ProductName93,762,1418
238,3,ProductName94,597,679
239,3,ProductName96,1078,837
240,3,ProductName95,1030,1054
241,3,ProductName97,681,855
242,3,ProductName98,1691,1186
243,3,ProductName99,3233,2462
244,3,ProductName75,1761,2497
245,4,ProductName99,544,1152
246,4,ProductName98,799,671
247,4,ProductName97,1554,1176
248,4,ProductName95,495,1024
249,4,ProductName94,1612,1053
250,4,ProductName93,2102,1857
251,4,ProductName92,1047,1574
252,4,ProductName91,289,668
253,4,ProductName9,1300,794
254,4,ProductName89,410,855
255,4,ProductName88,815,612
256,4,ProductName86,791,803
257,4,ProductName85,1437,1114
258,4,ProductName84,181,809
259,4,ProductName83,32,106
260,4,ProductName82,2279,1155
261,4,ProductName79,1621,1950
262,4,ProductName8,1114,1367
263,4,ProductName81,1593,1353
264,4,ProductName80,1876,1734
265,4,ProductName77,1529,1702
266,4,ProductName78,846,1187
267,4,ProductName76,342,594
268,4,ProductName73,71,206
269,4,ProductName72,1171,621
270,4,ProductName70,618,894
271,4,ProductName71,973,795
272,4,ProductName69,2845,1909
273,4,ProductName7,542,1693
274,4,ProductName68,2143,1342
275,4,ProductName56,1814,1978
276,4,ProductName66,2467,2140
277,4,ProductName65,1021,1744
278,4,ProductName64,404,712
279,4,ProductName63,1190,797
280,4,ProductName62,866,1028
281,4,ProductName60,991,928
282,4,ProductName59,112,551
283,4,ProductName57,814,463
284,4,ProductName58,370,592
285,4,ProductName55,1552,961
286,4,ProductName54,18,785
287,4,ProductName53,830,424
288,4,ProductName28,189,509
289,4,ProductName5,1877,1033
290,4,ProductName46,804,1340
291,4,ProductName45,904,854
292,4,ProductName43,752,828
293,4,ProductName44,837,794
294,4,ProductName40,730,783
295,4,ProductName41,720,725
296,4,ProductName42,347,533
297,4,ProductName38,314,330
298,4,ProductName37,1169,741
299,4,ProductName36,754,961
300,4,ProductName35,60,407
301,4,ProductName34,494,277
302,4,ProductName33,1218,856
303,4,ProductName32,515,866
304,4,ProductName3,936,725
305,4,ProductName29,626,781
306,4,ProductName31,772,699
307,4,ProductName26,732,752
308,4,ProductName27,559,645
309,4,ProductName25,1222,890
310,4,ProductName21,259,740
311,4,ProductName23,596,427
312,4,ProductName2,134,365
313,4,ProductName19,712,423
314,4,ProductName17,1468,1090
315,4,ProductName16,389,928
316,4,ProductName15,271,330
317,4,ProductName14,506,388
318,4,ProductName13,960,733
319,4,ProductName12,1281,1120
320,4,ProductName1,928,1104
321,4,ProductName10,393,660
322,4,ProductName100,343,368
323,4,ProductName11,8,175
324,5,ProductName11,1154,581
325,5,ProductName100,716,935
326,5,ProductName1,1684,1200
327,5,ProductName12,3075,2379
328,5,ProductName13,101,1588
329,5,ProductName17,759,430
330,5,ProductName19,763,761
331,5,ProductName20,1034,898
332,5,ProductName23,440,737
333,5,ProductName25,498,469
334,5,ProductName24,2332,1415
335,5,ProductName27,1204,1768
336,5,ProductName26,1411,1307
337,5,ProductName31,1676,1543
338,5,ProductName30,641,1158
339,5,ProductName29,1563,1102
340,5,ProductName32,804,1183
341,5,ProductName33,520,662
342,5,ProductName34,951,735
343,5,ProductName35,1813,1382
344,5,ProductName37,195,1004
345,5,ProductName38,199,197
346,5,ProductName39,282,240
347,5,ProductName42,971,626
348,5,ProductName41,825,898
349,5,ProductName4,671,748
350,5,ProductName44,1938,1304
351,5,ProductName43,1114,1526
352,5,ProductName46,448,781
353,5,ProductName5,519,483
354,5,ProductName48,330,424
355,5,ProductName47,469,399
356,5,ProductName28,367,418
357,5,ProductName50,1376,871
358,5,ProductName53,3088,2232
359,5,ProductName52,1771,2429
360,5,ProductName54,1841,1806
361,5,ProductName55,364,1102
362,5,ProductName57,3868,2116
363,5,ProductName6,605,2236
364,5,ProductName60,872,738
365,5,ProductName61,757,814
366,5,ProductName62,865,811
367,5,ProductName65,86,475
368,5,ProductName66,886,486
369,5,ProductName68,1149,1017
370,5,ProductName7,1057,1103
371,5,ProductName69,414,735
372,5,ProductName72,1431,922
373,5,ProductName76,1012,1221
374,5,ProductName74,960,986
375,5,ProductName78,779,869
376,5,ProductName77,99,439
377,5,ProductName80,269,184
378,5,ProductName81,1050,659
379,5,ProductName8,2759,1904
380,5,ProductName79,1580,2169
381,5,ProductName82,2278,1929
382,5,ProductName83,1646,1962
383,5,ProductName84,647,1146
384,5,ProductName85,129,388
385,5,ProductName86,1138,633
386,5,ProductName87,1856,1497
387,5,ProductName88,1142,1499
388,5,ProductName89,432,787
389,5,ProductName9,862,647
390,5,ProductName90,1062,962
391,5,ProductName91,1270,1166
392,5,ProductName92,2660,1965
393,5,ProductName93,990,1825
394,5,ProductName94,239,614
395,5,ProductName95,501,370
396,5,ProductName97,1806,1153
397,5,ProductName99,249,1027
398,5,ProductName75,762,505
399,6,ProductName99,3414,2088
400,6,ProductName97,174,1794
401,6,ProductName95,2109,1141
402,6,ProductName96,2002,2055
403,6,ProductName94,1128,1565
404,6,ProductName91,739,933
405,6,ProductName90,571,655
406,6,ProductName9,1327,949
407,6,ProductName89,962,1144
408,6,ProductName87,136,549
409,6,ProductName86,1215,675
410,6,ProductName84,2804,2009
411,6,ProductName83,812,1808
412,6,ProductName82,2264,1538
413,6,ProductName79,815,1539
414,6,ProductName8,1109,962
415,6,ProductName81,2639,1874
416,6,ProductName77,136,1387
417,6,ProductName74,341,238
418,6,ProductName76,470,405
419,6,ProductName72,40,255
420,6,ProductName73,231,135
421,6,ProductName68,1520,875
422,6,ProductName67,1479,1499
423,6,ProductName65,1767,1623
424,6,ProductName62,1703,1735
425,6,ProductName63,2350,2026
426,6,ProductName61,770,1560
427,6,ProductName60,1192,981
428,6,ProductName6,977,1084
429,6,ProductName59,717,847
430,6,ProductName57,1692,1204
431,6,ProductName58,1944,1818
432,6,ProductName55,2457,2200
433,6,ProductName52,924,1690
434,6,ProductName53,735,829
435,6,ProductName50,891,813
436,6,ProductName51,2066,1478
437,6,ProductName47,384,1225
438,6,ProductName5,1966,1175
439,6,ProductName49,582,1274
440,6,ProductName45,1388,985
441,6,ProductName43,3110,2249
442,6,ProductName4,786,1948
443,6,ProductName41,1351,1068
444,6,ProductName42,217,784
445,6,ProductName39,1069,643
446,6,ProductName38,155,612
447,6,ProductName37,508,331
448,6,ProductName36,1481,994
449,6,ProductName35,566,1023
450,6,ProductName33,1547,1056
451,6,ProductName32,941,1244
452,6,ProductName29,1167,1054
453,6,ProductName3,567,867
454,6,ProductName30,389,478
455,6,ProductName31,2058,1223
456,6,ProductName26,553,1305
457,6,ProductName27,1167,860
458,6,ProductName25,1395,1281
459,6,ProductName23,1727,1561
460,6,ProductName20,981,1354
461,6,ProductName2,1254,1117
462,6,ProductName19,1214,1234
463,6,ProductName18,2833,2023
464,6,ProductName17,781,1807
465,6,ProductName13,2145,1463
466,6,ProductName12,1079,1612
467,6,ProductName14,1108,1093
468,6,ProductName1,714,911
469,6,ProductName10,1307,1010
470,6,ProductName100,354,830
